first_name,last_name,company_name,address,city,county,state,zip,phone1,phone2,email,web,message,subject
John,Doe,Acme Corp,123 Elm St,Springfield,Greene,IL,62701,555-1234,555-5678,john.doe@acmecorp.com,www.acmecorp.com,We're interested in learning more about your enterprise software solutions and how they can streamline our internal workflows. Could you provide more information on pricing and customization options that would suit our company's needs? Additionally we'd appreciate a demo session.,Product Inquiry
Jane,Smith,Tech Solutions,456 Oak Rd,Metropolis,Jefferson,NY,10001,555-8765,555-4321,jane.smith@techsolutions.com,www.techsolutions.com,I am exploring options to upgrade our software infrastructure. After reviewing your website I believe your solutions could be a great fit for our company. Could we set up a time to discuss your offerings in more detail?,Consultation Request
Alice,Johnson,Global Innovations,789 Pine Ln,Smalltown,Jackson,TN,38053,555-1122,555-3344,alice.johnson@globalinnovations.com,www.globalinnovations.com,Our company is looking to implement cloud solutions to improve data storage and security. We're particularly interested in learning more about your service packages and how we can tailor them to our needs. A meeting to explore this further would be helpful.,Cloud Solutions Inquiry
Bob,White,Innovative Industries,101 Maple Ave,Big City,Monroe,FL,33101,555-5566,555-9988,bob.white@innovativeindustries.com,www.innovativeindustries.com,We are in the market for a new CRM platform and your products seem to be a good fit. Could you provide a demo and offer details on your pricing model? We're looking for a long-term solution that can grow with our business.,CRM Demo Request
Mary,Brown,Startup Ventures,202 Birch Blvd,Oceanview,Orange,CA,92660,555-7788,555-1239,mary.brown@startupventures.com,www.startupventures.com,We are considering raising capital and your firm has a great reputation. We'd love to discuss potential funding options and explore how you can help us accelerate our growth. Could we schedule a meeting to discuss investment opportunities?,Funding Inquiry
David,Wilson,Elite Services,303 Cedar Dr,Hometown,Clay,OH,44101,555-2233,555-4455,david.wilson@eliteservices.com,www.eliteservices.com,I'm looking to optimize our company's network and improve IT management processes. Could you share more about the services you offer and how they might benefit us? I'm particularly interested in how your solutions can scale with our business.,IT Optimization Inquiry
Emma,Martinez,Tech Dynamics,404 Redwood St,Greenfield,Kingston,TX,75001,555-9987,555-7766,emma.martinez@techdynamics.com,www.techdynamics.com,We are currently in the process of expanding and need support with a full IT infrastructure overhaul. Your solutions appear to align with our needs. Can you provide more details on how your services could help with this transition?,Infrastructure Overhaul
Michael,Lee,NextGen Technologies,505 Birchwood Ct,Lakeside,Benton,AR,72201,555-1123,555-3345,michael.lee@nextgen.com,www.nextgen.com,We are exploring options for integrating artificial intelligence into our current processes and would like to know more about your AI solutions. Could you walk us through your offerings and how they could be customized for our operations?,AI Integration Inquiry
Sophia,Harris,Advanced Solutions,606 Willow Way,Mapleton,Franklin,MA,02052,555-4455,555-5566,sophia.harris@advancedsolutions.com,www.advancedsolutions.com,We're looking for a tech partner to help us with data analytics and would like to know if your solutions are adaptable to our industry. Could you provide case studies or examples of similar companies you've worked with? We'd also like to discuss potential costs.,Data Analytics Inquiry
James,Clark,Visionary Enterprises,707 Maplewood Ave,Eastside,Duval,FL,33102,555-6677,555-7788,james.clark@visionaryenterprises.com,www.visionaryenterprises.com,We are considering new software to enhance our customer relationship management systems. After reviewing your website we think your products may be a good fit. Could you provide us with more information on your CRM solutions?,CRM Solutions Request
Olivia,Allen,Innovatech,808 Cedarwood Ln,Sunnyvale,Saratoga,CA,94086,555-9980,555-3346,olivia.allen@innovatech.com,www.innovatech.com,We're considering adding AI-driven features to our platform and believe your technology could provide the solutions we need. Can you provide a demo of your AI capabilities and explain how they can be integrated into our platform?,AI Features Demo
Liam,Young,Future Horizons,909 Pinehurst Rd,Clearwater,Hillsborough,FL,33756,555-2233,555-1124,liam.young@futurehorizons.com,www.futurehorizons.com,Our company is looking for an IT partner that can help with both cloud and AI technology. Could you share more about your cloud-based AI solutions and the process for implementing them? It would be great to discuss this in detail.,Cloud AI Solutions
Ava,King,Quantum Solutions,1010 Oakwood Dr,Newport,Franklin,OH,44113,555-5567,555-4433,ava.king@quantumsolutions.com,www.quantumsolutions.com,I'm particularly interested in quantum computing and the possibilities it holds for future tech solutions. Could you provide more details on your quantum services and how they might apply to my current projects?,Quantum Computing Inquiry
Noah,Scott,Tech Innovators,1111 Birch Ave,Westview,Wayne,NJ,07001,555-7789,555-2345,noah.scott@techinnovators.com,www.techinnovators.com,Our business is looking to upgrade our IT systems and we're exploring options for cloud migration. I believe your solutions could help with this process. Could you provide an overview of how cloud migration would work with your services?,Cloud Migration Inquiry
Isabella,Adams,Next Level Solutions,1212 Elmwood St,Granite City,Sullivan,IL,62040,555-9985,555-6678,isabella.adams@nextlevelsolutions.com,www.nextlevelsolutions.com,We're considering new tech partnerships to help scale our data operations. Could you share more about your data management solutions and how they might integrate with our existing systems?,Data Solutions Inquiry
Elijah,Morris,Modern Systems,1313 Redwood Blvd,Silverlake,Chester,PA,19102,555-2234,555-4456,elijah.morris@modernsyst.com,www.modernsyst.com,We're currently looking to update our systems with the latest enterprise software solutions. After reviewing your offerings we'd love to set up a time to discuss your solutions and how they can improve our workflow efficiency.,Enterprise Software Solutions
Mia,Mitchell,Dynamic Ventures,1414 Maple Ct,Springfield,Newton,NJ,07062,555-5568,555-1127,mia.mitchell@dynamicventures.com,www.dynamicventures.com,We're interested in exploring new software solutions that can improve our operations. After researching your offerings I believe your technology could help us reach our goals. Could we set up a time to discuss your products in more detail?,Software Solutions Exploration
Benjamin,Roberts,Innovative Designs,1515 Willow St,Bridgeport,Fairfield,CT,06604,555-7780,555-3347,benjamin.roberts@innovative.com,www.innovative.com,We're looking to innovate our product designs and would like to discuss how your services could assist with this process. Could we arrange a meeting to discuss your design solutions and how they might fit into our project timeline?,Product Design Inquiry
Charlotte,Martinez,Tech Edge Solutions,1616 Pine Dr,Lakeshore,Rockland,NY,10952,555-2235,555-3348,charlotte.martinez@techedgesolutions.com,www.techedgesolutions.com,Our company is currently seeking new IT solutions to enhance productivity and streamline processes. Could you share more about the services you offer and how they could be tailored for our needs? We would appreciate a call to discuss options.,IT Solutions Inquiry
Amelia,Thomas,Future Technologies,1717 Cedar Ave,Newport,Ocean,NJ,07064,555-5567,555-2234,amelia.thomas@futuretechnologies.com,www.futuretechnologies.com,We are exploring new partnerships to help us scale our operations and are particularly interested in learning more about your AI solutions. Could we schedule a meeting to discuss how your offerings could help us optimize performance?,AI Partnership Inquiry
Daniel,Jackson,Prime Systems,1818 Birch St,Westfield,Boston,MA,02115,555-6678,555-3349,daniel.jackson@primesystems.com,www.primesystems.com,Our company is seeking a technology partner to assist with our cloud migration and data management. Could you provide more information on your offerings and how your team can help us with this process?,Cloud Migration Services
Lily,White,NextEra Tech,1919 Oak Blvd,Marlin,Taylor,TX,78652,555-2235,555-4457,lily.white@nexttech.com,www.nexttech.com,We are looking for cloud-based solutions to improve our data analytics and storage capabilities. After reviewing your website I believe your products could help us achieve these goals. Could you provide more details on your service offerings?,Cloud Data Solutions Inquiry
Jack,Walker,Clear Vision Technologies,2020 Redwood Dr,Eastfield,Stark,OH,44702,555-7789,555-3340,jack.walker@clearvisiontech.com,www.clearvisiontech.com,We are looking for ways to improve our software infrastructure and are particularly interested in how AI and automation can play a role in streamlining operations. Could you provide more details on your solutions and set up a consultation to discuss further?,AI Automation Solutions
Zoe,Lewis,Visionary Labs,2121 Cedar Rd,Westlake,Marion,IN,46222,555-1128,555-4458,zoe.lewis@visionarylabs.com,www.visionarylabs.com,We are currently exploring cutting-edge technologies for streamlining operations and after reading through your site I'm interested in your software products. Could we schedule a meeting to learn more about what you offer?,Technology Solutions Inquiry
Henry,Walker,Global Innovations,2222 Maple St,Riverside,Wayne,MI,48203,555-2236,555-7769,henry.walker@globalinnovations.com,www.globalinnovations.com,We are currently reviewing various technology partners for our upcoming project and believe your expertise in enterprise software could be a great fit. Can you provide more information about your pricing structure and any customization options?,Partnership Inquiry
Grace,Evans,Tech Partners,2323 Oak Ln,Fairfield,Montgomery,AL,35242,555-7788,555-3341,grace.evans@techpartners.com,www.techpartners.com,We're looking for a new cloud-based data management system and after reviewing your offerings I'm interested in learning more about how your solutions can help improve efficiency in our operations. Can we schedule a call to discuss further?,Cloud Data Management Inquiry
Lucas,Thompson,Innovative Enterprises,2424 Birch Dr,Oakville,Clark,NV,89501,555-2237,555-4432,lucas.thompson@innovativeenterprises.com,www.innovativeenterprises.com,We are looking to integrate artificial intelligence into our workflow and after reading about your AI solutions we're eager to learn more. Can you walk us through how your technology works and how it can be implemented in our business?,AI Integration Inquiry
Evelyn,King,SmartTech Solutions,2525 Pine Rd,Hillside,Orange,CA,92805,555-3340,555-5569,evelyn.king@smarttechsolutions.com,www.smarttechsolutions.com,Our team is currently evaluating new tech partners to assist with cloud migration. Could you share more information about your cloud services and how they can support our business needs? We'd like to schedule a meeting to learn more.,Cloud Migration Services Inquiry
Wyatt,Johnson,Future Systems,2626 Cedar Ct,Bluewater,Wayne,MI,48092,555-4459,555-2238,wyatt.johnson@futuresystems.com,www.futuresystems.com,We are exploring options for improving our IT infrastructure and are interested in your solutions. Could you provide additional details on how your services can help with security enhancements and system optimization? A meeting would be great to discuss the next steps.,IT Infrastructure Inquiry
Charlotte,Roberts,TechGen,2727 Maple Ave,Greenwood,Benton,AR,72202,555-5569,555-4450,charlotte.roberts@techgen.com,www.techgen.com,We are looking to update our software solutions and would love to discuss your enterprise offerings in more detail. How can your products help streamline our operations and improve data security? Let's set up a time to connect.,Software Solutions Inquiry
Elena,Scott,Creative Tech,2828 Oakwood St,Sunset Hills,Saratoga,NY,11791,555-7787,555-3343,elena.scott@creativetech.com,www.creativetech.com,We're interested in your cloud solutions to enhance collaboration within our team. Can you explain how your service works and if it's suitable for companies of our size? We'd like to schedule a demo or meeting to discuss the possibilities.,Cloud Solutions Demo Request
Mason,Robinson,New Age Technologies,2929 Pinehurst Ave,Lakeview,Jackson,MS,39216,555-2239,555-6672,mason.robinson@newagetech.com,www.newagetech.com,We are looking to implement an AI-powered system for streamlining operations. Could you provide more information about how your AI solutions can integrate with our existing infrastructure? We're eager to learn more about your offerings and schedule a demo.,AI Solutions Inquiry
Aiden,Baker,Innovation Co.,3030 Cedar Blvd,Silverlake,Franklin,OH,44105,555-4450,555-1129,aiden.baker@innovationco.com,www.innovationco.com,Our team is exploring new opportunities to integrate AI into our processes. After reviewing your website we think your solutions could be a great fit. Could you walk us through your AI capabilities and how they can be customized for our needs?,AI Capabilities Inquiry
Lily,Adams,TechWorks,3131 Birch Rd,Oakwood,Fairfield,CT,06607,555-7783,555-2230,lily.adams@techworks.com,www.techworks.com,We are currently seeking new software solutions to enhance productivity and reduce operational costs. Could you provide more information about your offerings and how they can help achieve these goals? We'd appreciate it if we could schedule a meeting to discuss this further.,Software Solutions Request
Isaac,Mitchell,Elite Innovations,3232 Maple Dr,Newtown,Wayne,MI,48234,555-3345,555-6673,isaac.mitchell@eliteinnovations.com,www.eliteinnovations.com,We are exploring options for improving our IT systems and are interested in your services. Could you provide more details on your products and how they might help with workflow automation and data management? A call to discuss would be ideal.,IT System Improvement Inquiry
Mia,Young,Progressive Enterprises,3333 Redwood Rd,Harrison,Rockland,NY,10954,555-5560,555-7785,mia.young@progressiveenterprises.com,www.progressiveenterprises.com,We are looking to adopt cutting-edge technology to enhance our business processes. After reviewing your website we are interested in learning more about your cloud and AI solutions. Could you send us more details or set up a meeting to discuss the benefits?,Cloud & AI Solutions Inquiry
Jackson,Harris,NextGen Solutions,3434 Willow St,Sunnydale,Monroe,NJ,07030,555-2231,555-4456,jackson.harris@nextgensolutions.com,www.nextgensolutions.com,We are seeking an IT solutions provider that can assist with network management and security. After reading through your offerings we believe your services could be a good fit. Could you provide additional information on how your solutions can help us secure our infrastructure?,Network Security Inquiry
Liam,Williams,Tech Evolution,3535 Cedar Rd,Woodland Hills,Orange,CA,92620,555-7784,555-2237,liam.williams@techevolution.com,www.techevolution.com,We are looking to partner with a software development company that can help us develop custom solutions for our platform. Could you provide an overview of your development process and what makes your services stand out? A consultation would be helpful.,Custom Solutions Development Inquiry
Chloe,Brown,Innovatech Labs,3636 Oak St,Sunnydale,Fairfield,OH,44105,555-6674,555-3346,chloe.brown@innovatechlabs.com,www.innovatechlabs.com,Our company is exploring options for new technology to improve our data analytics. After reviewing your services we are interested in learning more about how your platform could benefit our operations. Would you be available to discuss in more detail?,Data Analytics Solutions Inquiry
Noah,Thompson,Tech Horizon,3737 Maple Ave,Eastwood,Marion,IN,46231,555-3342,555-4451,noah.thompson@techhorizon.com,www.techhorizon.com,We are in need of an IT solutions provider to help us with a cloud infrastructure overhaul. After reviewing your website we think your services might be ideal for our needs. Could we schedule a meeting to discuss how your services can assist with this project?,Cloud Infrastructure Overhaul
Sophie,Martinez,Data Systems,3838 Pine St,Mapleton,Franklin,MA,02052,555-2235,555-7760,sophie.martinez@datasystems.com,www.datasystems.com,Our company is considering new ways to enhance its data security. We would love to learn more about your cybersecurity solutions and how they could help us protect sensitive information. Could we schedule a meeting to explore this further?,Cybersecurity Solutions Inquiry
Ella,Moore,Future Tech,3939 Birch Rd,Lakeshore,Hillsborough,FL,33801,555-3348,555-5562,ella.moore@futuretech.com,www.futuretech.com,We're considering updating our technology infrastructure and are interested in your services. Can you provide more details about your hardware and software offerings and how they can improve efficiency and security in our operations?,Technology Infrastructure Inquiry
Oliver,Baker,Tech Strategies,4040 Cedar Ln,Woodbridge,Marion,IN,46123,555-2238,555-4450,oliver.baker@techstrategies.com,www.techstrategies.com,We're interested in implementing automation to streamline our operations. Could you provide more information about your automation services and how they could be customized for our needs? We'd appreciate a demo or call to discuss further.,Automation Solutions Inquiry
Abigail,Lee,Tech Innovations,4141 Oakwood Dr,Newport,Wayne,NJ,07001,555-7789,555-3342,abigail.lee@techinnovations.com,www.techinnovations.com,We are considering upgrading our IT systems and would like to know more about your software and hardware solutions. Could you share more details about your products and how they can improve our company's overall efficiency?,IT System Upgrade Inquiry
Henry,Morris,NextStep Solutions,4242 Pinewood St,Greenfield,Boston,MA,02114,555-2230,555-4459,henry.morris@nextstepsolutions.com,www.nextstepsolutions.com,We're currently wondering why i choose to do so much data.,Stupid Question
