email,subject,message
john.doe@acmecorp.com,Product Inquiry,We're interested in learning more about your enterprise software solutions and how they can streamline our internal workflows. Could you provide more information on pricing and customization options that would suit our company's needs? Additionally we'd appreciate a demo session.
jane.smith@techsolutions.com,Consultation Request,I am exploring options to upgrade our software infrastructure. After reviewing your website I believe your solutions could be a great fit for our company. Could we set up a time to discuss your offerings in more detail?
alice.johnson@globalinnovations.com,Cloud Solutions Inquiry,Our company is looking to implement cloud solutions to improve data storage and security. We're particularly interested in learning more about your service packages and how we can tailor them to our needs. A meeting to explore this further would be helpful.
bob.white@innovativeindustries.com,CRM Demo Request,We are in the market for a new CRM platform and your products seem to be a good fit. Could you provide a demo and offer details on your pricing model? We're looking for a long-term solution that can grow with our business.
mary.brown@startupventures.com,Funding Inquiry,We are considering raising capital and your firm has a great reputation. We'd love to discuss potential funding options and explore how you can help us accelerate our growth. Could we schedule a meeting to discuss investment opportunities?
david.wilson@eliteservices.com,IT Optimization Inquiry,I'm looking to optimize our company's network and improve IT management processes. Could you share more about the services you offer and how they might benefit us? I'm particularly interested in how your solutions can scale with our business.
emma.martinez@techdynamics.com,Infrastructure Overhaul,We are currently in the process of expanding and need support with a full IT infrastructure overhaul. Your solutions appear to align with our needs. Can you provide more details on how your services could help with this transition?
michael.lee@nextgen.com,AI Integration Inquiry,We are exploring options for integrating artificial intelligence into our current processes and would like to know more about your AI solutions. Could you walk us through your offerings and how they could be customized for our operations?
sophia.harris@advancedsolutions.com,Data Analytics Inquiry,We're looking for a tech partner to help us with data analytics and would like to know if your solutions are adaptable to our industry. Could you provide case studies or examples of similar companies you've worked with? We'd also like to discuss potential costs.
james.clark@visionaryenterprises.com,CRM Solutions Request,We are considering new software to enhance our customer relationship management systems. After reviewing your website we think your products may be a good fit. Could you provide us with more information on your CRM solutions?
olivia.allen@innovatech.com,AI Features Demo,We're considering adding AI-driven features to our platform and believe your technology could provide the solutions we need. Can you provide a demo of your AI capabilities and explain how they can be integrated into our platform?
liam.young@futurehorizons.com,Cloud AI Solutions,Our company is looking for an IT partner that can help with both cloud and AI technology. Could you share more about your cloud-based AI solutions and the process for implementing them? It would be great to discuss this in detail.
ava.king@quantumsolutions.com,Quantum Computing Inquiry,I'm particularly interested in quantum computing and the possibilities it holds for future tech solutions. Could you provide more details on your quantum services and how they might apply to my current projects?
noah.scott@techinnovators.com,Cloud Migration Inquiry,Our business is looking to upgrade our IT systems and we're exploring options for cloud migration. I believe your solutions could help with this process. Could you provide an overview of how cloud migration would work with your services?
isabella.adams@nextlevelsolutions.com,Data Solutions Inquiry,We're considering new tech partnerships to help scale our data operations. Could you share more about your data management solutions and how they might integrate with our existing systems?
elijah.morris@modernsyst.com,Enterprise Software Solutions,We're currently looking to update our systems with the latest enterprise software solutions. After reviewing your offerings we'd love to set up a time to discuss your solutions and how they can improve our workflow efficiency.
mia.mitchell@dynamicventures.com,Software Solutions Exploration,We're interested in exploring new software solutions that can improve our operations. After researching your offerings I believe your technology could help us reach our goals. Could we set up a time to discuss your products in more detail?
benjamin.roberts@innovative.com,Product Design Inquiry,We're looking to innovate our product designs and would like to discuss how your services could assist with this process. Could we arrange a meeting to discuss your design solutions and how they might fit into our project timeline?
charlotte.martinez@techedgesolutions.com,IT Solutions Inquiry,Our company is currently seeking new IT solutions to enhance productivity and streamline processes. Could you share more about the services you offer and how they could be tailored for our needs? We would appreciate a call to discuss options.
amelia.thomas@futuretechnologies.com,AI Partnership Inquiry,We are exploring new partnerships to help us scale our operations and are particularly interested in learning more about your AI solutions. Could we schedule a meeting to discuss how your offerings could help us optimize performance?
daniel.jackson@primesystems.com,Cloud Migration Services,Our company is seeking a technology partner to assist with our cloud migration and data management. Could you provide more information on your offerings and how your team can help us with this process?
lily.white@nexttech.com,Cloud Data Solutions Inquiry,We are looking for cloud-based solutions to improve our data analytics and storage capabilities. After reviewing your website I believe your products could help us achieve these goals. Could you provide more details on your service offerings?
jack.walker@clearvisiontech.com,AI Automation Solutions,We are looking for ways to improve our software infrastructure and are particularly interested in how AI and automation can play a role in streamlining operations. Could you provide more details on your solutions and set up a consultation to discuss further?
zoe.lewis@visionarylabs.com,Technology Solutions Inquiry,We are currently exploring cutting-edge technologies for streamlining operations and after reading through your site I'm interested in your software products. Could we schedule a meeting to learn more about what you offer?
henry.walker@globalinnovations.com,Partnership Inquiry,We are currently reviewing various technology partners for our upcoming project and believe your expertise in enterprise software could be a great fit. Can you provide more information about your pricing structure and any customization options?
grace.evans@techpartners.com,Cloud Data Management Inquiry,We're looking for a new cloud-based data management system and after reviewing your offerings I'm interested in learning more about how your solutions can help improve efficiency in our operations. Can we schedule a call to discuss further?
lucas.thompson@innovativeenterprises.com,AI Integration Inquiry,We are looking to integrate artificial intelligence into our workflow and after reading about your AI solutions we're eager to learn more. Can you walk us through how your technology works and how it can be implemented in our business?
evelyn.king@smarttechsolutions.com,Cloud Migration Services Inquiry,Our team is currently evaluating new tech partners to assist with cloud migration. Could you share more information about your cloud services and how they can support our business needs? We'd like to schedule a meeting to learn more.
wyatt.johnson@futuresystems.com,IT Infrastructure Inquiry,We are exploring options for improving our IT infrastructure and are interested in your solutions. Could you provide additional details on how your services can help with security enhancements and system optimization? A meeting would be great to discuss the next steps.
charlotte.roberts@techgen.com,Software Solutions Inquiry,We are looking to update our software solutions and would love to discuss your enterprise offerings in more detail. How can your products help streamline our operations and improve data security? Let's set up a time to connect.
elena.scott@creativetech.com,Cloud Solutions Demo Request,We're interested in your cloud solutions to enhance collaboration within our team. Can you explain how your service works and if it's suitable for companies of our size? We'd like to schedule a demo or meeting to discuss the possibilities.
mason.robinson@newagetech.com,AI Solutions Inquiry,We are looking to implement an AI-powered system for streamlining operations. Could you provide more information about how your AI solutions can integrate with our existing infrastructure? We're eager to learn more about your offerings and schedule a demo.
aiden.baker@innovationco.com,AI Capabilities Inquiry,Our team is exploring new opportunities to integrate AI into our processes. After reviewing your website we think your solutions could be a great fit. Could you walk us through your AI capabilities and how they can be customized for our needs?
lily.adams@techworks.com,Software Solutions Request,We are currently seeking new software solutions to enhance productivity and reduce operational costs. Could you provide more information about your offerings and how they can help achieve these goals? We'd appreciate it if we could schedule a meeting to discuss this further.
isaac.mitchell@eliteinnovations.com,IT System Improvement Inquiry,We are exploring options for improving our IT systems and are interested in your services. Could you provide more details on your products and how they might help with workflow automation and data management? A call to discuss would be ideal.
mia.young@progressiveenterprises.com,Cloud & AI Solutions Inquiry,We are looking to adopt cutting-edge technology to enhance our business processes. After reviewing your website we are interested in learning more about your cloud and AI solutions. Could you send us more details or set up a meeting to discuss the benefits?
jackson.harris@nextgensolutions.com,Network Security Inquiry,We are seeking an IT solutions provider that can assist with network management and security. After reading through your offerings we believe your services could be a good fit. Could you provide additional information on how your solutions can help us secure our infrastructure?
liam.williams@techevolution.com,Custom Solutions Development Inquiry,We are looking to partner with a software development company that can help us develop custom solutions for our platform. Could you provide an overview of your development process and what makes your services stand out? A consultation would be helpful.
chloe.brown@innovatechlabs.com,Data Analytics Solutions Inquiry,Our company is exploring options for new technology to improve our data analytics. After reviewing your services we are interested in learning more about how your platform could benefit our operations. Would you be available to discuss in more detail?
noah.thompson@techhorizon.com,Cloud Infrastructure Overhaul,We are in need of an IT solutions provider to help us with a cloud infrastructure overhaul. After reviewing your website we think your services might be ideal for our needs. Could we schedule a meeting to discuss how your services can assist with this project?
sophie.martinez@datasystems.com,Cybersecurity Solutions Inquiry,Our company is considering new ways to enhance its data security. We would love to learn more about your cybersecurity solutions and how they could help us protect sensitive information. Could we schedule a meeting to explore this further?
ella.moore@futuretech.com,Technology Infrastructure Inquiry,We're considering updating our technology infrastructure and are interested in your services. Can you provide more details about your hardware and software offerings and how they can improve efficiency and security in our operations?
oliver.baker@techstrategies.com,Automation Solutions Inquiry,We're interested in implementing automation to streamline our operations. Could you provide more information about your automation services and how they could be customized for our needs? We'd appreciate a demo or call to discuss further.
abigail.lee@techinnovations.com,IT System Upgrade Inquiry,We are considering upgrading our IT systems and would like to know more about your software and hardware solutions. Could you share more details about your products and how they can improve our company's overall efficiency?
